{
    "rmse": 0.7366162176799924,
    "mae": 0.6014135288090955,
    "r2": 0.0396399077005698
}