{
    "rmse": 0.7439398327381481,
    "mae": 0.6119078626576233,
    "r2": 0.020448717284135
}